precision,recall
0.84397702635883,1.0
0.8445231026870671,1.0
0.8449518925642914,1.0
0.8454025908051817,1.0
0.8458537701085161,1.0
0.846391516631065,1.0
0.8470808307034511,1.0
0.8475985535295916,1.0
0.8483438897880637,1.0
0.8491230308055361,1.0
0.8497734090764026,1.0
0.8503596019468326,1.0
0.8513928324764024,1.0
0.8522321371416867,1.0
0.8528217282685286,1.0
0.8537295439388498,1.0
0.8545734642788368,1.0
0.8553201331157567,1.0
0.8561231576510533,1.0
0.8568945986303486,1.0
0.8577226868017884,1.0
0.8587074303405573,1.0
0.8602276985901296,1.0
0.8612182058115766,1.0
0.8619653748041488,1.0
0.8625908696271916,1.0
0.8636316458652274,1.0
0.8644728127475553,1.0
0.8653043715633896,1.0
0.8659347235050018,1.0
0.8667352412697586,1.0
0.8676955563955838,1.0
0.8686806733655227,1.0
0.8697475697710881,1.0
0.8707145753489163,1.0
0.8715467804865276,1.0
0.8722205479631546,1.0
0.872895357985838,1.0
0.8736858684096547,1.0
0.8746041965024767,1.0
0.8753155901535872,0.9999849775414245
0.8759606274344668,0.9999849775414245
0.8769415205448773,0.9999849775414245
0.8777972650429232,0.9999849775414245
0.8786546812919918,0.9999849775414245
0.8794556744616198,0.9999849775414245
0.8801882925410237,0.9999849775414245
0.8801999312405786,0.9999849775414245
0.8809337903471276,0.9999849775414245
0.881773986303003,0.9999849775414245
0.8826040837974012,0.9999849775414245
0.883365403755557,0.9999849775414245
0.8844334608843537,0.9999849775414245
0.8854672430994347,0.9999699550828488
0.8863633337328061,0.9999699550828488
0.8871784619485539,0.9999699550828488
0.887912175861701,0.9999699550828488
0.8879240199020902,0.9999699550828488
0.8887064258154097,0.9999699550828488
0.8895020979768554,0.9999699550828488
0.8904406453166386,0.9999549326242733
0.8914304080566753,0.9999549326242733
0.8922548993324576,0.9999549326242733
0.8932472691161867,0.9999399101656977
0.8940030891142301,0.9999399101656977
0.8949045442323205,0.9999399101656977
0.8956135629709365,0.9999248877071222
0.8963478682431523,0.9999098652485465
0.8963720103425986,0.9999098652485465
0.8972527028120029,0.999894842789971
0.8981244096613142,0.999894842789971
0.8990571644694186,0.9998798203313954
0.9001866428629393,0.9998647978728199
0.9001988179125472,0.9998647978728199
0.9012104963847591,0.9998647978728199
0.9022231259319506,0.9998497754142442
0.9030161594507686,0.9998197304970932
0.9039592529711376,0.9998047080385176
0.904758020663404,0.9998047080385176
0.905383160787408,0.9997746631213664
0.9053954779201698,0.9997746631213664
0.9062942586338381,0.9997596406627909
0.9073309065128772,0.9997446182042153
0.9082583832621365,0.9997295957456397
0.9092498975269846,0.9997145732870641
0.9104790050486393,0.9996845283699131
0.9114943630909166,0.9995943936184596
0.9124382885353812,0.9995192813255818
0.9131938725086477,0.9994141241155527
0.914283358300235,0.9993840791984017
0.9142821802589264,0.999369056739826
0.9152472414077764,0.9993239893640993
0.9160882498760535,0.9992789219883726
0.9171458117890383,0.9992338546126459
0.9184053908504675,0.9991437198611924
0.919211046455376,0.9990535851097391
0.9202114410649544,0.9989934952754368
0.9212152277513023,0.9989484278997101
0.9222926578907215,0.9988282482311055
0.9223054515189346,0.9988282482311055
0.9234391277172026,0.9987381134796521
0.9243968574010986,0.9986630011867742
0.9252397589187534,0.9985728664353208
0.9262232256086514,0.9984376643081406
0.9262361335637438,0.9984376643081406
0.9272927683442397,0.998392596932414
0.927291753871913,0.9983775744738383
0.9272907393712763,0.9983625520152628
0.9284067569266882,0.9981973049709315
0.9293837868084214,0.9980470803851759
0.93045341849813,0.9978818333408446
0.9304664518840173,0.9978818333408446
0.9315287517531556,0.99776165367224
0.9324216172196402,0.9976114290864843
0.933590179839424,0.9974311595835774
0.934564703232346,0.9972508900806706
0.9356002932385947,0.9969504409091592
0.9356134835262438,0.9969504409091592
0.935626674185817,0.9969504409091592
0.9366883116883117,0.9968152387819791
0.9377686043881475,0.996499767151892
0.938847444191215,0.9963345201075609
0.9399614392242479,0.9960340709360493
0.9411046429078518,0.9957185993059624
0.9411180053671073,0.9957185993059624
0.942410536496558,0.9953730827587243
0.9424239407171405,0.9953730827587243
0.9434569589244004,0.9951177009629396
0.9434561535941661,0.9951026785043641
0.943469591226321,0.9951026785043641
0.9434830292412654,0.9951026785043641
0.944597389629841,0.9948022293328526
0.9455981489945156,0.9945919149127946
0.946685549166023,0.9941712860726787
0.947769532704925,0.9938858593597428
0.94779668786889,0.9938858593597428
0.9488242636404068,0.993495275436778
0.9498347463716051,0.992969489386633
0.9512893982808023,0.9925037931707903
0.9525822273514137,0.9919780071206453
0.95368630964423,0.9914371986119248
0.955130061989456,0.9906710532245707
0.9564176245210728,0.9899950425886701
0.9575869489356752,0.9893640993284961
0.9575863322428207,0.9893490768699206
0.9587442639667856,0.9886730662340198
0.9587582308723268,0.9886730662340198
0.9599194301728164,0.987967010680968
0.9599188451489542,0.9879519882223925
0.9610862507677459,0.9872910000450674
0.9623197326767499,0.9863896525305331
0.9632027957652379,0.9854282151816967
0.9632022554403689,0.9854131927231211
0.9642163498322641,0.9844517553742845
0.965276753855681,0.9834752955668725
0.9662874870734229,0.9825889705109138
0.9663017624724844,0.9825889705109138
0.9673723168023686,0.9816575780792285
0.9686261705822116,0.9804708038517583
0.9686257049569605,0.9804557813931828
0.9696649607236373,0.979118782579957
0.9709366514486916,0.9776315591809756
0.9709362178291682,0.9776165367224
0.9718952390923912,0.9761293133234185
0.9718948187148498,0.9761142908648429
0.9729146045172321,0.974536932714408
0.9738555213109825,0.9730947766911533
0.97387016267252,0.9730947766911533
0.9738848044743132,0.9730947766911533
0.974845802355567,0.9710967897006024
0.9757868150814416,0.9692490272958072
0.9766806754562971,0.967055748343774
0.9766803216507358,0.9670407258851984
0.9766799678344384,0.9670257034266228
0.9774974895779448,0.9651478961046764
0.978353458409025,0.9627743476497364
0.9793367542314467,0.9604759114876741
0.979336437718277,0.9604608890290985
0.9802576955010917,0.9577418240269202
0.9810447023956532,0.9547673772289573
0.9810598459472393,0.9547673772289573
0.9818519665531125,0.9525440533597729
0.9818516855324486,0.9525290309011973
0.982686270243387,0.9498400108161702
0.9826860011501221,0.9498249883575947
0.9835037065938353,0.9466852945153004
0.9835034491369354,0.9466702720567248
0.9844195742813254,0.9434704883801283
0.9852274159002142,0.9397749635705379
0.985227183242775,0.9397599411119624
0.9852269505780074,0.9397449186533868
0.9852267179059109,0.9397298961948113
0.9858044912880406,0.9357789895894362
0.9863915296810912,0.9320834647798458
0.9863913133336513,0.9320684423212703
0.9867992073131753,0.9275767272071748
0.9867989963401576,0.9275617047485991
0.9867987853603963,0.9275466822900236
0.9874554274149507,0.9235356858503463
0.9874712883691794,0.9235356858503463
0.9874710871241326,0.9235206633917707
0.9882373850802216,0.9188186338576171
0.9882533527225723,0.9188186338576171
0.9888827487566232,0.913996424654859
0.9888825680617636,0.9139814021962834
0.9888823873610298,0.9139663797377079
0.9894661083485998,0.9087385641534094
0.9894659360431831,0.9087235416948338
0.9894657637321295,0.9087085192362582
0.9900594131103833,0.9037060405305932
0.9906853401839728,0.8979374164375742
0.990685185799052,0.8979223939789986
0.9912846027982769,0.8919134105487704
0.9912844572821532,0.8918983880901948
0.9921250567904558,0.8857391800742109
0.992124924278118,0.8857241576156354
0.9925859319330868,0.8788889389637508
0.9925858061451281,0.8788739165051752
0.9925856803529013,0.8788588940465997
0.9929825762502995,0.8715429567202968
0.9929824561403509,0.8715279342617213
0.9934151399930867,0.8634758964652155
0.9940464758978298,0.8553187014586807
0.9940463719533487,0.8553036790001052
0.9943915343915344,0.8469962594078146
0.9949521074505467,0.8379527393453212
0.9949520174092968,0.8379377168867457
0.9949519273648347,0.8379226944281701
0.9949518373171602,0.8379076719695946
0.9952522790865601,0.8282181861883516
0.9952521933783443,0.828203163729776
0.9952521076670338,0.8281881412712004
0.9952520219526285,0.8281731188126249
0.9957411807713398,0.8183784758213529
0.9957411029263924,0.8183634533627774
0.9960594231587516,0.8088091697087145
0.9962680269302178,0.7980530893686061
0.9966099758127488,0.7861102348010275
0.9966099112482383,0.7860952123424519
0.9966098466812684,0.7860801898838764
0.9969051625756784,0.7742424925263268
0.9969051027119038,0.7742274700677513
0.996905042845813,0.7742124476091757
0.9971078363861727,0.7613382006099119
0.9971077794829418,0.7613231781513362
0.9971077225774717,0.7613081556927607
0.9971076656697623,0.7612931332341851
0.997107551847625,0.7612630883170339
0.9974562352281376,0.7481034146048342
0.9974561842764146,0.7480883921462587
0.9977540019601437,0.734087460753827
0.997753956100051,0.7340724382952514
0.9979374140589191,0.7195607433112503
0.9979373710856928,0.7195457208526748
0.9979373281106759,0.7195306983940992
0.9981464121356741,0.7037871618069013
0.998146372643017,0.7037721393483257
0.9981463331486768,0.7037571168897502
0.9983847026979831,0.6870972103294425
0.9986552813823707,0.669385731668845
0.9986552512438926,0.6693707092102693
0.9986552211040635,0.6693556867516938
0.9987779289354147,0.6507128156594109
0.998777900756318,0.6506977932008352
0.9987778162112303,0.6506527258251086
0.9989314463467338,0.6319647873570988
0.9989314209726444,0.6319497648985233
0.9990186216541131,0.6116994907386543
0.999018597575936,0.6116844682800787
0.9992118777647836,0.5904276893956465
0.9993115500714929,0.5669475866420298
0.999418781655642,0.5424609791638499
0.9994187655687794,0.5424459567052744
0.9995643713879128,0.5170429792539847
0.9995643587360595,0.5170279567954091
0.9995643460834713,0.5170129343368336
0.9996629695447025,0.490137755945138
0.9996629592180654,0.49012273348656243
0.9996629488907954,0.49010771102798684
0.9996629385628926,0.4900926885694113
0.9996743943735348,0.4612195231871648
0.9996743731683491,0.46118947827001366
0.9997202014549524,0.4294019559241065
0.999720191668707,0.429386933465531
0.9997201818817768,0.4293719110069554
0.9997356096087022,0.39762945603677496
0.9997355996222852,0.3976144335781994
0.9997355896351137,0.3975994111196238
0.9997355796471877,0.3975843886610483
0.9997355696585071,0.3975693662024727
0.9997921775634897,0.3613502185767723
0.9997921689250977,0.3613351961181967
0.9997921602859875,0.36132017365962116
0.9997678306092125,0.323448555590608
0.9997678090461596,0.32341851067345684
0.9997677874791009,0.3233884657563057
0.9998407220599946,0.28290293989514326
0.9998407136030583,0.28288791743656766
0.9998407051452238,0.2828728949779921
0.9998725952350618,0.23579250980215422
0.9998725871185576,0.23577748734357865
0.9999198011067447,0.18730001352021272
1.0,0.13404539786981537
1.0,0.1340303754112398
1.0,0.07239322787567413
1.0,0.07237820541709857
1.0,0.0
